{
  "god": 0.73534,
  "dog": 0.36806,
  "mascot": 0.2236,
  "elon": 0.17985,
  "name": 0.15634,
  "ai": 0.15554,
  "identify": 0.15145,
  "chatgpt": 0.14554,
  "country": 0.14258,
  "child": 0.12673,
  "grok": 0.12465,
  "solana": 0.12414
}