{
  "cat": 0.74224,
  "flash": 0.65381,
  "dog": 0.37204,
  "ernie": 0.3208,
  "ai": 0.23316,
  "1st": 0.20651,
  "flash cat": 0.18506,
  "ron": 0.14851,
  "real": 0.12681,
  "mascot": 0.10582,
  "baidu": 0.10292,
  "wif": 0.09401
}