{
  "tariff": 0.62249,
  "trump": 0.61908,
  "market": 0.54715,
  "dog": 0.46799,
  "tariffs": 0.45832,
  "china": 0.43611,
  "bear": 0.40914,
  "disney": 0.39123,
  "penguin": 0.3523,
  "ai": 0.3486,
  "cat": 0.32494,
  "ever": 0.2961
}