{
  "dog": 0.64475,
  "grok": 0.58311,
  "elon": 0.53313,
  "super": 0.50601,
  "egyptian": 0.50068,
  "trump": 0.41685,
  "ai": 0.40361,
  "united states": 0.40312,
  "solana": 0.34997,
  "superjudge": 0.34431,
  "brad": 0.31648,
  "cat": 0.31606
}