{
  "dog": 0.64988,
  "trump": 0.53806,
  "elon": 0.36425,
  "larry": 0.3361,
  "routine": 0.3073,
  "tiktok": 0.29481,
  "cat": 0.27861,
  "justice": 0.24549,
  "jail": 0.20924,
  "name": 0.20336,
  "solana": 0.19376,
  "mascot": 0.1919
}