{
  "cheese": 0.74361,
  "elon": 0.62742,
  "united states": 0.41436,
  "dog": 0.23156,
  "ai": 0.21282,
  "trump": 0.19587,
  "maga": 0.18649,
  "grok": 0.18638,
  "united": 0.18487,
  "states": 0.17916,
  "bitcoin": 0.16957,
  "fed": 0.16613
}