{
  "cat": 0.57204,
  "dog": 0.4796,
  "ai": 0.39242,
  "syndrome": 0.22774,
  "trump": 0.14014,
  "doge": 0.12655
}