{
  "flash": 0.75198,
  "dog": 0.45773,
  "solana": 0.3494,
  "hand crocheted": 0.3478,
  "na": 0.30754,
  "cat": 0.24862,
  "binance": 0.19982,
  "crocheted": 0.19082,
  "hand": 0.18578,
  "binance dog": 0.16227,
  "1st": 0.15421,
  "trump": 0.15122
}