{
  "solana": 0.60722,
  "wiwi": 0.54672,
  "teddy": 0.49105,
  "jfk": 0.43581,
  "dog": 0.40849,
  "puppy": 0.35072,
  "egg": 0.34703,
  "justice": 0.33088,
  "ai": 0.23246,
  "cat": 0.22611,
  "kennedy": 0.21797,
  "bully": 0.19655
}