{
  "cat": 0.75946,
  "flash": 0.63012,
  "dog": 0.28991,
  "elon": 0.19717,
  "ai": 0.14217,
  "flash cat": 0.13125,
  "wif": 0.12874,
  "ron": 0.11463,
  "1st": 0.08007,
  "ernie": 0.07997,
  "real": 0.07556,
  "name": 0.07009
}