{
  "flash": 0.74471,
  "dog": 0.64508,
  "solana": 0.30435,
  "elon": 0.24308,
  "ai": 0.22482,
  "cat": 0.21436,
  "baby": 0.15265,
  "trump": 0.13829,
  "name": 0.13819,
  "justice": 0.13623,
  "binance dog": 0.12946,
  "real": 0.12809
}