{
  "dog": 0.75725,
  "relax": 0.48265,
  "cat": 0.29825,
  "larry": 0.2724,
  "trump": 0.26371,
  "elon": 0.22103,
  "name": 0.19654,
  "real name": 0.16231,
  "real": 0.15732,
  "relaxed": 0.14663,
  "tiktok": 0.13229,
  "dev": 0.12504
}