{
  "dog": 0.65578,
  "trump": 0.4057,
  "relax": 0.30332,
  "name": 0.28252,
  "larry": 0.25301,
  "cat": 0.23917,
  "elon": 0.23107,
  "real": 0.22577,
  "tiktok": 0.20319,
  "justice": 0.1956,
  "routine": 0.18019,
  "jail": 0.15587
}