{
  "like": 0.74187,
  "tariff": 0.50209,
  "fuck": 0.36871,
  "trump": 0.33225,
  "memecoin": 0.32277,
  "le": 0.31953,
  "le pen": 0.30169,
  "free": 0.28512,
  "ghibli": 0.28133,
  "cat": 0.27147,
  "nigga": 0.25914,
  "pen": 0.25166
}