{
  "cat": 0.5728,
  "dog": 0.52285,
  "ai": 0.49828,
  "syndrome": 0.36993,
  "trump": 0.24707,
  "doge": 0.22252
}