{
  "life": 0.84007,
  "pepe": 0.37323,
  "dog": 0.3676,
  "cat": 0.34521,
  "grok": 0.27769,
  "game": 0.18446,
  "named": 0.17984,
  "ghibli": 0.17065,
  "vine": 0.14644,
  "ai": 0.13082,
  "man named": 0.12949,
  "trump": 0.1193
}