{
  "justice": 0.64168,
  "cat": 0.5789,
  "dog": 0.52202,
  "trump": 0.52071,
  "wif": 0.42742,
  "ye": 0.39238,
  "hat": 0.33931,
  "1st": 0.29157,
  "ai": 0.25071,
  "swastika": 0.24414,
  "jail": 0.23549,
  "cult": 0.22721
}