{
  "trump": 0.51027,
  "tariff": 0.45157,
  "dog": 0.41905,
  "market": 0.38461,
  "disney": 0.27227,
  "tariffs": 0.25399,
  "ai": 0.2474,
  "bear": 0.24467,
  "china": 0.23729,
  "superman": 0.23655,
  "cat": 0.22854,
  "day": 0.21703
}