{
  "justice": 0.6787,
  "dope": 0.61646,
  "dog": 0.38619,
  "trump": 0.34834,
  "ye": 0.32933,
  "real": 0.25644,
  "mascot": 0.23115,
  "department": 0.21977,
  "cat": 0.17014,
  "everywhere": 0.16928,
  "nigga": 0.1648,
  "elon": 0.16162
}