{
  "ai": 0.6467,
  "tiktok": 0.51706,
  "dog": 0.42616,
  "1st": 0.37954,
  "com": 0.37235,
  "amazon": 0.36245,
  "grok": 0.34771,
  "government": 0.34031,
  "trump": 0.2983,
  "mascot": 0.25281,
  "cat": 0.2489,
  "china": 0.23184
}