{
  "life": 0.84212,
  "pepe": 0.37797,
  "dog": 0.36127,
  "cat": 0.32591,
  "grok": 0.28566,
  "ghibli": 0.17019,
  "game": 0.16738,
  "named": 0.14859,
  "vine": 0.14623,
  "ai": 0.12459,
  "trump": 0.11208,
  "man named": 0.11028
}