{
  "abstract": 0.75421,
  "pepe": 0.58695,
  "ticker": 0.42311,
  "bitcoin": 0.42163,
  "ai": 0.35517,
  "solana": 0.28203,
  "1st": 0.28052,
  "ghibli": 0.25827,
  "astro": 0.23431,
  "trump": 0.22967,
  "original": 0.20613,
  "buckazoid": 0.19862
}