{
  "dog": 0.71299,
  "relax": 0.46961,
  "trump": 0.30636,
  "cat": 0.28232,
  "name": 0.27543,
  "larry": 0.25184,
  "elon": 0.2404,
  "real": 0.22854,
  "real name": 0.21612,
  "tiktok": 0.18101,
  "ai": 0.14422,
  "justice": 0.14149
}