{
  "flash": 0.75524,
  "dog": 0.6186,
  "solana": 0.34738,
  "elon": 0.23437,
  "cat": 0.22497,
  "ai": 0.20591,
  "justice": 0.15992,
  "name": 0.14333,
  "trump": 0.13543,
  "baby": 0.13069,
  "real": 0.11684,
  "grok": 0.10872
}