{
  "cat": 0.64689,
  "trump": 0.59309,
  "dog": 0.58957,
  "low quality": 0.52132,
  "san": 0.47106,
  "agent": 0.39929,
  "eliza": 0.37087,
  "lemon": 0.33621,
  "low": 0.27757,
  "quality": 0.26419,
  "musk": 0.24882,
  "elon": 0.21128
}