{
  "grok": 0.66094,
  "egyptian": 0.59714,
  "ai": 0.35922,
  "elon": 0.35821,
  "dog": 0.27911,
  "chatgpt": 0.27309,
  "song": 0.26842,
  "trump": 0.24726,
  "name": 0.1589,
  "nigger": 0.15714,
  "egypt": 0.12775,
  "cat": 0.12357
}