{
  "dog": 0.47525,
  "ai": 0.44717,
  "doge": 0.31705,
  "syndrome": 0.26759,
  "cat": 0.23976,
  "trump": 0.23912
}