{
  "cheese": 0.73032,
  "elon": 0.30384,
  "wif cheese": 0.24201,
  "wif": 0.20802,
  "dog": 0.18248,
  "doge": 0.13903,
  "trump": 0.13693,
  "life": 0.12672,
  "blindsight": 0.09967,
  "ai": 0.09622,
  "grok": 0.09099,
  "pepe": 0.0818
}