{
  "dog": 0.71665,
  "relax": 0.43549,
  "trump": 0.32973,
  "name": 0.25357,
  "cat": 0.24768,
  "larry": 0.24676,
  "real name": 0.21851,
  "elon": 0.21582,
  "real": 0.19957,
  "tiktok": 0.18091,
  "justice": 0.16906,
  "ai": 0.1353
}