{
  "cat": 0.77046,
  "flash": 0.61753,
  "dog": 0.30066,
  "elon": 0.19503,
  "ernie": 0.18229,
  "1st": 0.15236,
  "ai": 0.15211,
  "wif": 0.12817,
  "flash cat": 0.12291,
  "ron": 0.11576,
  "real": 0.11507,
  "mascot": 0.07958
}