{
  "cheese": 0.74889,
  "elon": 0.41147,
  "doge": 0.31647,
  "life": 0.26603,
  "united states": 0.25956,
  "dog": 0.24967,
  "trump": 0.19059,
  "ai": 0.17944,
  "pepe": 0.15459,
  "bitcoin": 0.14811,
  "grok": 0.13449,
  "government": 0.12235
}