{
  "dog": 0.7045,
  "pepe": 0.49137,
  "ai": 0.34327,
  "elon": 0.2979,
  "cat": 0.26099,
  "buy": 0.23331,
  "trump": 0.2191,
  "justice": 0.19948,
  "solana": 0.19691,
  "figure": 0.19607,
  "memecoin": 0.1901,
  "doge": 0.17775
}