{
  "trump": 0.71588,
  "painting": 0.46231,
  "nude": 0.4506,
  "dog": 0.3733,
  "ai": 0.30343,
  "justice": 0.19983,
  "nude painting": 0.18373,
  "routine": 0.17939,
  "jail": 0.1704,
  "reserve": 0.1684,
  "morning routine": 0.16796,
  "elon": 0.16225
}