{
  "april fools": 0.70829,
  "dog": 0.63005,
  "fools": 0.57498,
  "april": 0.40839,
  "trump": 0.32923,
  "elons": 0.2512,
  "fool": 0.2309,
  "cat": 0.17293,
  "elon": 0.16011,
  "life": 0.13774,
  "tokenized": 0.13741,
  "proverbs": 0.13692
}