{
  "dog": 0.75773,
  "flash": 0.68339,
  "solana": 0.30617,
  "cat": 0.22767,
  "elon": 0.22646,
  "justice": 0.17504,
  "ai": 0.15093,
  "name": 0.11566,
  "baby": 0.10047,
  "real": 0.09842,
  "grok": 0.09708,
  "trump": 0.08944
}