{
  "tariff": 0.84968,
  "trump": 0.29516,
  "tariffs": 0.20024,
  "tariffman": 0.19536,
  "kai cenat": 0.15238,
  "man": 0.13698,
  "justice": 0.13189,
  "tariff man": 0.12957,
  "penguin": 0.12506,
  "kai": 0.10822,
  "tariffication": 0.09787,
  "cat": 0.08579
}