{
  "cat": 0.76831,
  "flash": 0.67889,
  "dog": 0.29575,
  "elon": 0.20469,
  "wif": 0.13522,
  "flash cat": 0.135,
  "ron": 0.11624,
  "ai": 0.10736,
  "real": 0.07975,
  "1st": 0.07194,
  "name": 0.068,
  "trump": 0.06776
}