{
  "flash": 0.73743,
  "dog": 0.50099,
  "hand crocheted": 0.34077,
  "na": 0.33838,
  "solana": 0.27439,
  "cat": 0.252,
  "binance": 0.23052,
  "binance dog": 0.20015,
  "crocheted": 0.19113,
  "hand": 0.18637,
  "trump": 0.15287,
  "ai": 0.15063
}