{
  "dog": 0.4977,
  "ai": 0.43605,
  "doge": 0.31101,
  "cat": 0.26099,
  "syndrome": 0.25718,
  "trump": 0.25366
}