{
  "cat": 0.58296,
  "dog": 0.47204,
  "ai": 0.44338,
  "syndrome": 0.29283,
  "trump": 0.21568,
  "doge": 0.18731
}