{
  "cat": 0.54398,
  "dog": 0.52456,
  "ai": 0.43501,
  "syndrome": 0.19349,
  "trump": 0.13006,
  "doge": 0.12889
}