{
  "trump": 0.51814,
  "tariff": 0.45818,
  "market": 0.37934,
  "dog": 0.36101,
  "tariffs": 0.33596,
  "china": 0.29435,
  "disney": 0.28989,
  "bear": 0.2753,
  "ai": 0.26776,
  "cat": 0.22634,
  "penguin": 0.2221,
  "ever": 0.21121
}