{
  "april fools": 0.66344,
  "dog": 0.62702,
  "fools": 0.57426,
  "april": 0.43744,
  "proverbs": 0.43013,
  "drug enforcement": 0.37272,
  "drug": 0.34779,
  "trump": 0.32857,
  "enforcement": 0.28997,
  "god": 0.28961,
  "elons": 0.27579,
  "cat": 0.25484
}