{
  "abstract": 0.75011,
  "pepe": 0.58305,
  "ticker": 0.39975,
  "bitcoin": 0.39823,
  "ai": 0.36486,
  "1st": 0.2911,
  "solana": 0.24312,
  "buckazoid": 0.23991,
  "astro": 0.23886,
  "ghibli": 0.22376,
  "trump": 0.21362,
  "ai agent": 0.19864
}