{
  "dog": 0.67219,
  "cat": 0.50695,
  "ai": 0.42523,
  "doge": 0.20756,
  "syndrome": 0.19186,
  "trump": 0.12573
}