{
  "flash": 0.77132,
  "dog": 0.50402,
  "solana": 0.39521,
  "hand crocheted": 0.34723,
  "elon": 0.27591,
  "cat": 0.24451,
  "binance": 0.20707,
  "crocheted": 0.18559,
  "hand": 0.18029,
  "real": 0.17333,
  "binance dog": 0.16499,
  "1st": 0.16006
}