{
  "cheese": 0.68686,
  "pepe": 0.56639,
  "derp": 0.46864,
  "baby": 0.34907,
  "justice": 0.33874,
  "pork": 0.30405,
  "dog": 0.2903,
  "tesla": 0.27335,
  "cat": 0.25765,
  "ai": 0.20378,
  "na": 0.20163
}