{
  "justice": 0.74901,
  "dog": 0.53942,
  "ye": 0.53425,
  "trump": 0.42815,
  "real": 0.28115,
  "cult": 0.24083,
  "jail": 0.22527,
  "dope": 0.2217,
  "cat": 0.19439,
  "1st": 0.19316,
  "elon": 0.18283,
  "ai": 0.1812
}