{
  "abstract": 0.77556,
  "pepe": 0.41568,
  "ai": 0.3654,
  "ticker": 0.29766,
  "1st": 0.27857,
  "buckazoid": 0.24262,
  "bitcoin": 0.22883,
  "ai agent": 0.21349,
  "1st ai": 0.21051,
  "ghibli": 0.19683,
  "trump": 0.17686,
  "agent": 0.17301
}