{
  "flash": 0.75174,
  "dog": 0.58562,
  "solana": 0.35697,
  "elon": 0.23954,
  "cat": 0.22687,
  "ai": 0.19302,
  "justice": 0.16723,
  "name": 0.1548,
  "trump": 0.12903,
  "baby": 0.12867,
  "real": 0.12216,
  "grok": 0.10764
}