{
  "dog": 0.62935,
  "elon": 0.55928,
  "bitcoin": 0.46919,
  "super": 0.45057,
  "united states": 0.43925,
  "grok": 0.42508,
  "tokenized": 0.38686,
  "1st": 0.35239,
  "google": 0.33704,
  "anime": 0.31394,
  "states": 0.3115,
  "united": 0.3111
}