{
  "dog": 0.63205,
  "united states": 0.47387,
  "grok": 0.45167,
  "super": 0.4419,
  "elon": 0.37321,
  "tokenized": 0.36595,
  "google": 0.35007,
  "states": 0.33112,
  "united": 0.33076,
  "bitcoin": 0.32581,
  "1st": 0.31159,
  "egyptian": 0.28588
}