{
  "dog": 0.64522,
  "trump": 0.57338,
  "elon": 0.3676,
  "larry": 0.33407,
  "routine": 0.3061,
  "tiktok": 0.28562,
  "justice": 0.22999,
  "jail": 0.2273,
  "ninja": 0.21732,
  "mascot": 0.21455,
  "name": 0.21441,
  "ai": 0.1848
}