{
  "cat": 0.57961,
  "dog": 0.4341,
  "ai": 0.40014,
  "syndrome": 0.24927,
  "trump": 0.17769,
  "doge": 0.1501
}