{
  "dog": 0.53456,
  "ai": 0.40593,
  "doge": 0.31193,
  "cat": 0.28252,
  "trump": 0.28189,
  "syndrome": 0.26345
}