{
  "dog": 0.76864,
  "relax": 0.50717,
  "cat": 0.32457,
  "trump": 0.23736,
  "larry": 0.22163,
  "elon": 0.20966,
  "relaxed": 0.19589,
  "name": 0.19091,
  "real name": 0.15297,
  "real": 0.14818,
  "dev": 0.12467,
  "ai": 0.11711
}