{
  "life": 0.82803,
  "dog": 0.38291,
  "pepe": 0.37559,
  "cat": 0.35643,
  "grok": 0.26798,
  "named": 0.21934,
  "game": 0.19918,
  "man named": 0.17825,
  "ghibli": 0.17288,
  "vine": 0.15608,
  "man": 0.14504,
  "ai": 0.13082
}