{
  "flash": 0.74609,
  "dog": 0.60836,
  "elon": 0.31416,
  "solana": 0.28136,
  "hand crocheted": 0.26568,
  "cat": 0.21701,
  "ai": 0.20855,
  "baby": 0.17387,
  "trump": 0.15103,
  "name": 0.14238,
  "real": 0.13733,
  "justice": 0.13326
}