{
  "tariff": 0.7128,
  "trump": 0.4337,
  "solana": 0.4159,
  "chinese": 0.25174,
  "cat": 0.25038,
  "dog": 0.228,
  "ever": 0.20586,
  "pablo": 0.17399,
  "ai": 0.16995,
  "vs": 0.16567,
  "man": 0.15892,
  "tariff man": 0.14543
}