{
  "elon": 0.60491,
  "dog": 0.55089,
  "bitcoin": 0.43023,
  "super": 0.3948,
  "grok": 0.37635,
  "anime": 0.36734,
  "united states": 0.36026,
  "1st": 0.30843,
  "google": 0.28604,
  "animal": 0.27967,
  "mascot": 0.27939,
  "fart": 0.27758
}