{
  "grok": 0.63798,
  "egyptian": 0.60026,
  "dog": 0.50713,
  "ai": 0.45475,
  "united states": 0.4356,
  "elon": 0.41613,
  "super": 0.40551,
  "trump": 0.38235,
  "superhero": 0.35905,
  "united": 0.3204,
  "states": 0.31975,
  "superjudge": 0.31805
}