{
  "god": 0.78559,
  "dog": 0.35704,
  "elon": 0.20063,
  "man": 0.20052,
  "child": 0.18618,
  "country": 0.16446,
  "ai": 0.15519,
  "grok": 0.14608,
  "trenches": 0.13933,
  "name": 0.12606,
  "justice": 0.11553,
  "baby": 0.11468
}