{
  "april fools": 0.71016,
  "dog": 0.65236,
  "fools": 0.5734,
  "april": 0.4201,
  "trump": 0.34354,
  "elons": 0.26675,
  "fool": 0.22037,
  "mars": 0.21385,
  "elon": 0.17707,
  "cat": 0.17681,
  "life": 0.13667,
  "bitcoin": 0.13543
}