{
  "cheese": 0.73963,
  "elon": 0.28167,
  "wif cheese": 0.25271,
  "wif": 0.2162,
  "dog": 0.16949,
  "trump": 0.15537,
  "doge": 0.14116,
  "life": 0.13614,
  "real": 0.13262,
  "blindsight": 0.10643,
  "cat": 0.10392,
  "grok": 0.10389
}