{
  "flash": 0.68197,
  "cat": 0.61339,
  "hand crocheted": 0.49456,
  "dog": 0.4079,
  "crocheted": 0.3328,
  "hand": 0.32782,
  "elon": 0.21423,
  "1st": 0.20478,
  "trump": 0.1366,
  "wif": 0.13566,
  "ai": 0.11484,
  "name": 0.11116
}