{
  "dog": 0.57994,
  "eliza": 0.51721,
  "agent": 0.50524,
  "low quality": 0.47214,
  "trump": 0.45613,
  "cat": 0.42356,
  "lemon": 0.35463,
  "san": 0.3333,
  "musk": 0.26953,
  "low": 0.23266,
  "elon": 0.226,
  "quality": 0.21997
}