{
  "san": 0.76959,
  "cat": 0.56883,
  "low quality": 0.49692,
  "low": 0.29442,
  "dog": 0.28633,
  "quality": 0.25537,
  "trump": 0.23911,
  "satoshi": 0.2306,
  "elon": 0.197,
  "satoshi island": 0.19453,
  "make": 0.19381,
  "island": 0.16984
}