{
  "dog": 0.65274,
  "cat": 0.57444,
  "ai": 0.46806,
  "doge": 0.21176,
  "syndrome": 0.19839,
  "trump": 0.13763
}