{
  "abstract": 0.8128,
  "pepe": 0.31961,
  "ai": 0.3103,
  "ticker": 0.24149,
  "1st": 0.23944,
  "bitcoin": 0.2386,
  "ghibli": 0.22542,
  "buckazoid": 0.20419,
  "ai agent": 0.17401,
  "1st ai": 0.16957,
  "trump": 0.14569,
  "agent": 0.14112
}