{
  "wif": 0.69388,
  "wif hat": 0.64093,
  "hat": 0.46743,
  "chinese": 0.39818,
  "trump": 0.31444,
  "ai": 0.2934,
  "na": 0.24161,
  "cat": 0.23365,
  "tits": 0.18519,
  "dog": 0.17729,
  "elon": 0.16699,
  "pepe": 0.11986
}