{
  "cat": 0.75791,
  "flash": 0.54221,
  "dog": 0.29643,
  "ernie": 0.25917,
  "ai": 0.17313,
  "elon": 0.16691,
  "1st": 0.14867,
  "flash cat": 0.12256,
  "wif": 0.12151,
  "real": 0.11212,
  "ron": 0.10437,
  "baidu": 0.08306
}