{
  "san": 0.78328,
  "cat": 0.54724,
  "low quality": 0.46537,
  "dog": 0.28859,
  "low": 0.27617,
  "quality": 0.23868,
  "trump": 0.23477,
  "satoshi": 0.22683,
  "lemon": 0.21641,
  "satoshi island": 0.1909,
  "make": 0.19057,
  "elon": 0.18324
}