{
  "life": 0.85026,
  "pepe": 0.37144,
  "dog": 0.3623,
  "cat": 0.30105,
  "grok": 0.28758,
  "game": 0.15235,
  "trump": 0.13501,
  "named": 0.1275,
  "vine": 0.11758,
  "ghibli": 0.11625,
  "ai": 0.10679,
  "goon": 0.10472
}