{
  "grok": 0.66744,
  "egyptian": 0.48734,
  "elon": 0.38333,
  "trump": 0.34986,
  "ai": 0.30051,
  "dog": 0.26137,
  "superjudge": 0.24413,
  "memecoin": 0.19372,
  "song": 0.18481,
  "vance": 0.18476,
  "nigger": 0.1806,
  "vine": 0.16563
}