{
  "cat": 0.58811,
  "justice": 0.58763,
  "dog": 0.44159,
  "wif": 0.44101,
  "trump": 0.433,
  "ye": 0.38327,
  "hat": 0.3359,
  "1st": 0.28267,
  "swastika": 0.25943,
  "ai": 0.2296,
  "cult": 0.22199,
  "jail": 0.21756
}