{
  "flash": 0.75367,
  "dog": 0.58727,
  "hand crocheted": 0.32372,
  "elon": 0.29527,
  "solana": 0.26957,
  "cat": 0.23014,
  "baby": 0.17203,
  "crocheted": 0.15711,
  "real": 0.15632,
  "name": 0.15176,
  "hand": 0.1514,
  "binance": 0.14611
}