{
  "dog": 0.72802,
  "relax": 0.48994,
  "trump": 0.2905,
  "cat": 0.29046,
  "larry": 0.24981,
  "name": 0.24798,
  "elon": 0.24753,
  "real name": 0.2158,
  "real": 0.19882,
  "tiktok": 0.17929,
  "ai": 0.13595,
  "justice": 0.12267
}