{
  "egyptian": 0.78417,
  "grok": 0.66733,
  "elon": 0.31171,
  "nigger": 0.26799,
  "vitalik": 0.26049,
  "chatgpt": 0.20418,
  "trump": 0.20238,
  "tesla": 0.18727,
  "ai": 0.17854,
  "dog": 0.15305,
  "pepe": 0.12983,
  "racist": 0.12674
}