{
  "cat": 0.76617,
  "flash": 0.75323,
  "dog": 0.28719,
  "elon": 0.17095,
  "flash cat": 0.16202,
  "pwease": 0.13876,
  "ron": 0.13593,
  "wif": 0.11908,
  "ai": 0.10279,
  "trump": 0.08381,
  "justice": 0.07537,
  "real": 0.07256
}