{
  "cat": 0.63071,
  "dog": 0.59658,
  "eliza": 0.51659,
  "agent": 0.50252,
  "low quality": 0.49117,
  "trump": 0.44439,
  "san": 0.38254,
  "lemon": 0.33842,
  "musk": 0.25329,
  "low": 0.24199,
  "quality": 0.2312,
  "elon": 0.21278
}