{
  "cheese": 0.76997,
  "pepe": 0.38077,
  "dog": 0.29433,
  "tesla": 0.22971,
  "cat": 0.22394,
  "pork": 0.21579,
  "justice": 0.20305,
  "na": 0.1974,
  "baby": 0.19259,
  "ai": 0.18521,
  "solana": 0.16852
}