{
  "elon": 0.61358,
  "dog": 0.56619,
  "bitcoin": 0.46681,
  "anime": 0.4244,
  "grok": 0.39669,
  "super": 0.34849,
  "1st": 0.34105,
  "justice": 0.33841,
  "mascot": 0.32047,
  "google": 0.29943,
  "orange": 0.29202,
  "fart": 0.2822
}