{
  "cheese": 0.75093,
  "pepe": 0.5258,
  "baby": 0.32026,
  "dog": 0.27637,
  "pork": 0.26507,
  "tesla": 0.2564,
  "justice": 0.23404,
  "ai": 0.23007,
  "cat": 0.2254,
  "na": 0.2196,
  "solana": 0.19899
}