{
  "tariff": 0.85218,
  "tariffman": 0.1936,
  "kai cenat": 0.18849,
  "tariffs": 0.18014,
  "man": 0.15646,
  "justice": 0.13346,
  "tariff man": 0.13173,
  "kai": 0.12748,
  "penguin": 0.12698,
  "cenat": 0.09911,
  "tariffication": 0.09329,
  "game": 0.084
}