{
  "elon": 0.60893,
  "dog": 0.54226,
  "bitcoin": 0.44299,
  "anime": 0.38902,
  "super": 0.37631,
  "united states": 0.35221,
  "grok": 0.34623,
  "orange": 0.32801,
  "1st": 0.30992,
  "mascot": 0.28371,
  "justice": 0.28311,
  "google": 0.28014
}