{
  "god": 0.79027,
  "dog": 0.36808,
  "elon": 0.21147,
  "man": 0.20251,
  "child": 0.18797,
  "grok": 0.17562,
  "country": 0.17174,
  "ai": 0.15413,
  "trenches": 0.15049,
  "name": 0.13831,
  "justice": 0.11554,
  "baby": 0.11464
}