{
  "cat": 0.64669,
  "dog": 0.59043,
  "trump": 0.5401,
  "low quality": 0.50421,
  "agent": 0.49446,
  "eliza": 0.48555,
  "san": 0.43897,
  "lemon": 0.34757,
  "low": 0.26226,
  "musk": 0.26052,
  "quality": 0.24998,
  "elon": 0.21807
}