{
  "flash": 0.73922,
  "dog": 0.63724,
  "solana": 0.35644,
  "cat": 0.23395,
  "elon": 0.23105,
  "justice": 0.17008,
  "ai": 0.16617,
  "name": 0.15521,
  "real": 0.12551,
  "baby": 0.11843,
  "trump": 0.11079,
  "grok": 0.10505
}