{
  "tariff": 0.6062,
  "trump": 0.51538,
  "dog": 0.43222,
  "ai": 0.29507,
  "china": 0.2715,
  "tariffs": 0.25551,
  "solana": 0.24718,
  "superman": 0.24177,
  "disney": 0.24115,
  "carrot": 0.2392,
  "cat": 0.22108,
  "market": 0.21959
}