{
  "finder": 0.63399,
  "tariff": 0.40654,
  "trump": 0.34699,
  "steve": 0.3117,
  "stick": 0.2844,
  "le poisson": 0.27828,
  "temu": 0.25023,
  "mascot": 0.24728,
  "dog": 0.23042,
  "china": 0.22601,
  "chinese": 0.22287,
  "poisson": 0.21878
}