{
  "april fools": 0.69597,
  "dog": 0.61253,
  "fools": 0.58187,
  "april": 0.42454,
  "proverbs": 0.3975,
  "trump": 0.33913,
  "god": 0.25596,
  "drug enforcement": 0.25058,
  "fool": 0.23696,
  "elons": 0.23541,
  "cat": 0.22139,
  "drug": 0.19886
}