{
  "like": 0.6842,
  "memecoin": 0.57289,
  "le pen": 0.4833,
  "disney": 0.48228,
  "pen": 0.48174,
  "le": 0.45085,
  "fuck": 0.34951,
  "tariff": 0.34399,
  "free": 0.33744,
  "minecraft": 0.31699,
  "trump": 0.31258,
  "free le": 0.27319
}