{
  "dog": 0.60482,
  "super": 0.59766,
  "elon": 0.58422,
  "ai": 0.5534,
  "grok": 0.5484,
  "trump": 0.54057,
  "egyptian": 0.51215,
  "united states": 0.44082,
  "superjudge": 0.36776,
  "president": 0.3556,
  "meatcanyon": 0.33994,
  "solana": 0.33579
}