{
  "cheese": 0.73341,
  "wif cheese": 0.23385,
  "elon": 0.23284,
  "wif": 0.21147,
  "dog": 0.15786,
  "cat": 0.15008,
  "life": 0.13659,
  "trump": 0.13197,
  "ai": 0.1279,
  "real": 0.12613,
  "doge": 0.11784,
  "blindsight": 0.07925
}