{
  "dog": 0.6432,
  "grok": 0.59094,
  "super": 0.51281,
  "egyptian": 0.48176,
  "united states": 0.40498,
  "trump": 0.4025,
  "ai": 0.35264,
  "elon": 0.34592,
  "superjudge": 0.34503,
  "solana": 0.34475,
  "cat": 0.33662,
  "brad": 0.31415
}