{
  "dog": 0.63285,
  "united states": 0.57077,
  "grok": 0.56077,
  "super": 0.52802,
  "tokenized": 0.45869,
  "elon": 0.45301,
  "states": 0.40718,
  "united": 0.40701,
  "egyptian": 0.36235,
  "trump": 0.33023,
  "bitcoin": 0.32815,
  "cat": 0.31271
}