{
  "san": 0.77773,
  "low quality": 0.51185,
  "cat": 0.45717,
  "dog": 0.30386,
  "lemon": 0.27169,
  "low": 0.25475,
  "trump": 0.22056,
  "quality": 0.21757,
  "elon": 0.18832,
  "musk": 0.18242,
  "make": 0.17873,
  "justice": 0.15833
}