{
  "dog": 0.71072,
  "april fools": 0.57902,
  "fools": 0.45686,
  "april": 0.40141,
  "name": 0.35847,
  "mars": 0.25441,
  "mascot": 0.2399,
  "trump": 0.22371,
  "tokenized": 0.21564,
  "thumb": 0.21462,
  "god": 0.19409,
  "everything": 0.19144
}