{
  "life": 0.84743,
  "pepe": 0.39021,
  "dog": 0.36691,
  "cat": 0.3183,
  "grok": 0.28955,
  "game": 0.15824,
  "ghibli": 0.1569,
  "named": 0.1331,
  "vine": 0.13137,
  "ai": 0.11388,
  "trump": 0.1135,
  "goon": 0.10699
}