
{
  "flash": 0.85524,
  "dog": 0.72186,
  "solana": 0.45738,
  "elon": 0.35437,
  "cat": 0.32497,
  "ai": 0.30591,
  "justice": 0.25992,
  "name": 0.24333,
  "trump": 0.23543,
  "baby": 0.23069,
  "real": 0.21684,
  "grok": 0.20872
}
