{
  "justice": 0.73412,
  "dog": 0.55959,
  "ye": 0.51917,
  "trump": 0.46812,
  "dope": 0.27793,
  "real": 0.2708,
  "1st": 0.26871,
  "agent": 0.26858,
  "cult": 0.25665,
  "nigga": 0.23031,
  "elon": 0.19583,
  "ai": 0.19221
}