{
  "cat": 0.63912,
  "dog": 0.54656,
  "trump": 0.53717,
  "san": 0.5164,
  "low quality": 0.50879,
  "lemon": 0.31395,
  "low": 0.27483,
  "agent": 0.27326,
  "quality": 0.2559,
  "musk": 0.23593,
  "dojo markets": 0.20205,
  "elon": 0.19294
}