{
  "trump": 0.51597,
  "tariff": 0.45755,
  "dog": 0.3808,
  "market": 0.37693,
  "disney": 0.27869,
  "bear": 0.26816,
  "tariffs": 0.26119,
  "ai": 0.25972,
  "china": 0.2415,
  "cat": 0.21923,
  "carrot": 0.21103,
  "ever": 0.20984
}