{
  "cat": 0.76637,
  "flash": 0.55729,
  "dog": 0.28322,
  "ernie": 0.23176,
  "elon": 0.18539,
  "1st": 0.15779,
  "ai": 0.15151,
  "wif": 0.12371,
  "flash cat": 0.11926,
  "real": 0.11275,
  "ron": 0.1074,
  "mascot": 0.09438
}