{
  "dog": 0.67175,
  "trump": 0.35051,
  "ai": 0.3147,
  "pepe": 0.28016,
  "memecoin": 0.2664,
  "bitcoin": 0.26422,
  "buy": 0.25053,
  "solana": 0.22725,
  "elon": 0.19932,
  "1st": 0.19467,
  "cat": 0.17982,
  "real": 0.17423
}