{
  "dog": 0.60345,
  "cat": 0.55586,
  "ai": 0.43133,
  "syndrome": 0.19641,
  "doge": 0.16106,
  "trump": 0.13809
}