{
  "god": 0.74771,
  "dog": 0.34687,
  "man": 0.18904,
  "elon": 0.18732,
  "child": 0.17845,
  "mascot": 0.17527,
  "country": 0.15501,
  "ai": 0.15405,
  "grok": 0.13703,
  "name": 0.1348,
  "trenches": 0.1193,
  "secret": 0.1113
}