{
  "tariff": 0.851,
  "trump": 0.30154,
  "tariffs": 0.20789,
  "tariffman": 0.20027,
  "man": 0.14329,
  "tariff man": 0.13673,
  "penguin": 0.12403,
  "tariffication": 0.09783,
  "cat": 0.08805,
  "game": 0.07812,
  "justice": 0.07681,
  "dog": 0.06802
}