{
  "april fools": 0.71721,
  "fools": 0.59253,
  "dog": 0.54652,
  "april": 0.42985,
  "proverbs": 0.38339,
  "trump": 0.30675,
  "fool": 0.26449,
  "god": 0.21688,
  "elons": 0.21174,
  "cat": 0.19089,
  "life": 0.1499,
  "gemini": 0.12597
}