{
  "dog": 0.6807,
  "relax": 0.38805,
  "trump": 0.36908,
  "name": 0.24667,
  "larry": 0.24468,
  "cat": 0.24225,
  "elon": 0.21588,
  "real name": 0.21251,
  "real": 0.19479,
  "justice": 0.18796,
  "tiktok": 0.18711,
  "routine": 0.16326
}