{
  "cheese": 0.71709,
  "elon": 0.32694,
  "wif cheese": 0.24103,
  "wif": 0.20635,
  "dog": 0.1808,
  "doge": 0.1488,
  "trump": 0.13266,
  "life": 0.12895,
  "blindsight": 0.11375,
  "ai": 0.10008,
  "grok": 0.0905,
  "pepe": 0.08809
}