{
  "flash": 0.73,
  "dog": 0.53784,
  "hand crocheted": 0.34461,
  "na": 0.3436,
  "cat": 0.27728,
  "binance": 0.26752,
  "binance dog": 0.24492,
  "solana": 0.22471,
  "crocheted": 0.19928,
  "hand": 0.19461,
  "ai": 0.16297,
  "trump": 0.15551
}