{
  "flash": 0.7349,
  "dog": 0.70615,
  "solana": 0.36569,
  "cat": 0.23666,
  "elon": 0.23139,
  "justice": 0.16048,
  "ai": 0.15631,
  "name": 0.13478,
  "real": 0.11185,
  "trump": 0.10494,
  "baby": 0.09732,
  "grok": 0.09396
}