{
  "abstract": 0.80019,
  "ai": 0.3353,
  "pepe": 0.32904,
  "ticker": 0.26475,
  "1st": 0.25823,
  "bitcoin": 0.24222,
  "buckazoid": 0.21995,
  "ghibli": 0.21512,
  "ai agent": 0.19448,
  "1st ai": 0.19032,
  "trump": 0.16282,
  "agent": 0.15764
}