{
  "cheese": 0.73976,
  "elon": 0.62147,
  "united states": 0.42256,
  "dog": 0.23448,
  "ai": 0.22532,
  "trump": 0.2025,
  "united": 0.18245,
  "maga": 0.18032,
  "states": 0.17721,
  "bitcoin": 0.17445,
  "fed": 0.16936,
  "doge": 0.16933
}