{
  "elon": 0.62742,
  "dog": 0.44902,
  "elon musk": 0.40099,
  "grok": 0.36357,
  "solana": 0.35261,
  "musk": 0.31711,
  "trump": 0.29427,
  "bitcoin": 0.28574,
  "cat": 0.24978,
  "1st": 0.23942,
  "mascot": 0.23534,
  "secret": 0.22246
}