{
  "dog": 0.75154,
  "relax": 0.48538,
  "cat": 0.27377,
  "trump": 0.26837,
  "larry": 0.25171,
  "name": 0.23881,
  "elon": 0.2362,
  "real name": 0.20394,
  "real": 0.18758,
  "tiktok": 0.15721,
  "ai": 0.13437,
  "justice": 0.11243
}